Id,,Name,,Date,,Time
22803014,,Tanmay Butta,,18-11-2024,,12:44:41
22803006,,Sabeeh Ahsan,,18-11-2024,,12:45:53
22803028,,Aryan Khanna,,18-11-2024,,12:48:00
22803014,,Tanmay Butta,,18-11-2024,,12:49:06
22803014,,Tanmay Butta,,18-11-2024,,12:51:42
22103296,,Dhairya Singla,,18-11-2024,,13:06:15
22803014,,Tanmay Butta,,18-11-2024,,13:28:03
22803014,,Tanmay Butta,,18-11-2024,,13:30:01
22803014,,Tanmay Butta,,18-11-2024,,13:30:08
22803014,,Tanmay Butta,,18-11-2024,,13:30:14
22803014,,Tanmay Butta,,18-11-2024,,13:30:20
22803014,,Tanmay Butta,,18-11-2024,,13:30:24
22803028,,Aryan Khanna,,18-11-2024,,13:31:13
22803028,,Aryan Khanna,,18-11-2024,,13:33:51
22803010,,Abhinav,,18-11-2024,,13:37:47
22803014,,Tanmay Butta,,18-11-2024,,14:03:57
22803014,,Tanmay Butta,,18-11-2024,,14:17:34
22803006,,Sabeeh Ahsan,,18-11-2024,,14:21:48
22103214,,Varun Bhardwaj,,18-11-2024,,14:28:07
22803031,,devang dixit,,18-11-2024,,15:14:13
22803030,,viyom shukla,,18-11-2024,,15:19:11
22803014,,Tanmay Butta,,18-11-2024,,15:20:09
22803014,,Tanmay Butta,,18-11-2024,,15:20:23
22803028,,Aryan Khanna,,18-11-2024,,15:20:39
22803014,,Tanmay Butta,,18-11-2024,,15:21:45
22803014,,Tanmay Butta,,18-11-2024,,15:22:06
22803006,,Sabeeh Ahsan,,18-11-2024,,15:22:29
22803011,,stuti srijan ,,18-11-2024,,15:28:44
22803014,,Tanmay Butta,,18-11-2024,,15:42:47
22803014,,Tanmay Butta,,18-11-2024,,15:43:18
22803028,,Aryan Khanna,,18-11-2024,,15:44:14
22803014,,Tanmay Butta,,18-11-2024,,15:47:17
